last_name, first_name,pitcher,n_ff,n_si,n_fc,n_sl,n_ch,n_cu,n_fs,n_kn
Verlander, Justin,434378,61.3,0.0,0.5,22.0,1.4,14.7,0.0,0.0
Scherzer, Max,453286,50.1,0.0,9.7,16.6,15.7,7.9,0.0,0.0
Keuchel, Dallas,572971,11.9,41.9,15.1,18.5,12.6,0.0,0.0,0.0
Cole, Gerrit,543037,50.6,5.7,0.0,19.7,4.6,19.3,0.0,0.0
Clevinger, Mike,605182,53.1,0.0,0.0,21.1,14.0,11.8,0.0,0.0
Freeland, Kyle,607536,39.7,12.6,0.0,29.8,13.4,4.4,0.0,0.0
Porcello, Rick,519144,21.6,28.7,0.0,24.1,11.4,14.2,0.0,0.0
Severino, Luis,622663,50.3,0.0,0.0,35.8,13.9,0.0,0.0,0.0
Gibson, Kyle,502043,23.3,34.5,0.0,20.8,11.0,10.5,0.0,0.0
Chacin, Jhoulys,468504,12.9,34.7,0.0,45.3,2.0,0.4,4.7,0.0
Nola, Aaron,605400,36.5,12.9,0.0,0.0,19.8,30.9,0.0,0.0
deGrom, Jacob,594798,42.8,9.2,0.0,24.0,16.1,7.9,0.0,0.0
Lester, Jon,452657,45.4,5.0,24.9,0.0,9.1,15.7,0.0,0.0
Marquez, German,608566,46.0,9.0,0.0,15.9,6.3,22.8,0.0,0.0
Shields, James,448306,26.5,11.5,24.0,0.0,18.2,19.7,0.0,0.0
Kluber, Corey,446372,8.9,32.8,29.4,0.0,6.5,22.5,0.0,0.0
Foltynewicz, Mike,592314,39.9,16.7,0.0,27.3,6.0,10.1,0.0,0.0
Corbin, Patrick,571578,20.0,28.5,0.0,41.0,1.1,9.3,0.0,0.0
Greinke, Zack,425844,44.2,5.9,0.0,17.7,21.0,11.2,0.0,0.0
Price, David,456034,15.3,32.9,26.4,0.0,22.8,2.5,0.0,0.0
Happ, J.A.,457918,59.5,14.0,0.0,12.6,12.3,1.6,0.0,0.0
Hamels, Cole,430935,30.2,14.9,18.3,4.8,18.8,13.0,0.0,0.0
Lopez, Reynaldo,625643,60.7,0.1,0.0,17.9,15.5,5.8,0.0,0.0
Gonzalez, Gio,461829,29.6,26.8,0.0,0.0,23.1,20.5,0.0,0.0
Hendricks, Kyle,543294,17.3,44.4,0.0,0.0,30.7,7.6,0.0,0.0
Gausman, Kevin,592332,58.2,0.1,0.0,14.2,0.0,0.0,27.5,0.0
Godley, Zack,643327,0.1,32.1,22.2,0.0,5.3,40.3,0.0,0.0
Giolito, Lucas,608337,39.0,20.5,0.0,14.8,15.7,10.1,0.0,0.0
Mikolas, Miles,571945,26.7,21.6,0.0,25.9,4.4,21.4,0.0,0.0
Newcomb, Sean,656794,62.7,0.0,0.0,4.2,18.9,14.3,0.0,0.0
Lynn, Lance,458681,44.7,32.8,11.7,0.0,1.9,9.0,0.0,0.0
Berrios, Jose,621244,34.4,26.1,0.0,0.0,9.1,30.5,0.0,0.0
Odorizzi, Jake,543606,54.1,0.0,2.4,21.0,0.0,4.9,17.7,0.0
Taillon, Jameson,592791,35.5,21.9,0.0,18.3,4.6,19.7,0.0,0.0
Roark, Tanner,543699,19.9,39.4,2.0,12.7,11.9,14.0,0.0,0.0
Carrasco, Carlos,471911,31.2,13.4,0.0,31.8,16.4,7.2,0.0,0.0
Anderson, Tyler,542881,39.3,5.0,29.2,0.0,22.8,3.8,0.0,0.0
Bauer, Trevor,545333,36.9,5.3,10.5,14.0,7.0,26.4,0.0,0.0
Snell, Blake,605483,51.5,0.0,0.0,9.1,19.2,20.2,0.0,0.0
Holland, Derek,502706,0.0,56.9,0.0,21.8,8.8,12.5,0.0,0.0
Quintana, Jose,500779,49.7,18.6,0.0,0.0,6.8,24.9,0.0,0.0
Wheeler, Zack,554430,42.6,15.2,0.0,19.2,0.0,10.5,12.5,0.0
Boyd, Matthew,571510,34.2,14.6,0.0,30.9,8.0,12.3,0.0,0.0
Junis, Jakob,596001,33.1,20.3,0.0,34.2,5.9,6.6,0.0,0.0
Bundy, Dylan,605164,47.8,8.0,0.0,25.4,10.2,8.7,0.0,0.0
Pivetta, Nick,601713,50.2,8.8,0.0,16.9,2.3,21.9,0.0,0.0
Sale, Chris,519242,38.8,9.7,0.0,34.6,17.0,0.0,0.0,0.0
Teheran, Julio,527054,42.3,19.6,0.0,22.0,9.5,6.7,0.0,0.0
Kershaw, Clayton,477132,42.6,0.0,0.0,40.4,0.4,16.6,0.0,0.0
Leake, Mike,502190,2.7,34.7,22.1,11.0,18.7,10.9,0.0,0.0
Gray, Jon,592351,49.6,0.1,0.0,34.0,1.6,14.7,0.0,0.0
Duffy, Danny,518633,38.1,17.6,0.0,16.2,18.6,9.5,0.0,0.0
Castillo, Luis,622491,36.7,20.5,0.0,16.5,26.4,0.0,0.0,0.0
Urena, Jose,570632,2.1,55.5,0.0,21.6,18.9,1.8,0.0,0.0
Arrieta, Jake,453562,1.7,53.8,0.0,23.6,10.6,10.3,0.0,0.0
Heaney, Andrew,571760,0.0,58.2,0.0,0.0,16.6,25.2,0.0,0.0
Morton, Charlie,450203,30.7,27.3,6.2,0.0,0.0,29.5,6.2,0.0
Williams, Trevor,592866,51.5,17.9,0.0,15.1,15.4,0.2,0.0,0.0
Matz, Steven,571927,0.6,59.4,0.0,8.5,15.8,15.7,0.0,0.0
Fiers, Mike,571666,38.3,10.2,0.0,17.4,18.3,15.8,0.0,0.0
Cashner, Andrew,488768,25.8,34.7,0.0,12.9,13.1,13.6,0.0,0.0
Anderson, Chase,502624,40.8,12.4,10.0,0.0,18.8,17.9,0.0,0.0
Paxton, James,572020,63.6,0.0,14.4,0.0,0.4,21.6,0.0,0.0
Flaherty, Jack,656427,40.0,15.9,0.0,29.9,3.0,11.2,0.0,0.0
Sabathia, CC,282332,1.0,14.3,43.8,30.8,10.1,0.0,0.0,0.0
Gonzales, Marco,594835,7.6,24.6,22.5,0.0,23.1,22.3,0.0,0.0
Wood, Alex,622072,0.0,43.4,0.0,0.0,25.8,30.9,0.0,0.0
Hernandez, Felix,433587,10.6,32.4,0.4,4.0,24.2,28.5,0.0,0.0
Minor, Mike,501985,48.3,0.3,0.0,21.1,19.5,10.8,0.0,0.0
Harvey, Matt,518774,28.6,30.5,0.0,24.0,11.5,5.5,0.0,0.0
Nova, Ivan,467100,31.5,35.5,0.0,0.0,11.9,21.1,0.0,0.0
Archer, Chris,502042,36.4,10.5,0.0,41.7,9.9,1.5,0.0,0.0
Estrada, Marco,462136,49.3,0.0,6.0,0.0,37.0,7.6,0.0,0.0
Ross, Tyson,475115,43.4,6.8,7.0,41.4,1.3,0.0,0.0,0.0
Rodriguez, Eduardo,593958,39.5,13.1,19.2,6.7,21.5,0.0,0.0,0.0
Suarez, Andrew,605498,51.1,0.0,0.0,23.9,11.7,13.3,0.0,0.0
Tanaka, Masahiro,547888,22.4,5.3,4.0,33.1,0.0,4.0,31.2,0.0
Velasquez, Vince,592826,54.3,10.2,0.0,15.3,4.9,15.4,0.0,0.0
Stratton, Chris,608717,51.0,8.3,2.9,12.7,10.2,15.0,0.0,0.0
LeBlanc, Wade,453281,7.5,27.8,25.7,0.2,29.8,8.9,0.0,0.0
Cobb, Alex,502171,51.7,0.0,0.0,0.0,0.0,22.0,26.3,0.0
Buehler, Walker,621111,41.0,17.6,9.5,14.1,3.7,14.1,0.0,0.0
Syndergaard, Noah,592789,21.2,32.3,0.0,20.9,15.8,9.8,0.0,0.0
Romano, Sal,607219,6.3,59.4,0.0,27.0,5.2,2.2,0.0,0.0
Yarbrough, Ryan,642232,2.9,32.2,28.9,0.0,25.0,11.1,0.0,0.0
Weaver, Luke,596133,57.5,0.1,4.7,0.0,24.9,12.7,0.0,0.0
Richard, Clayton,453385,10.1,55.9,0.0,28.3,5.6,0.0,0.0,0.0
Hill, Rich,448179,55.4,4.0,0.4,3.6,0.0,36.7,0.0,0.0
Guerra, Junior,448855,38.4,29.9,0.0,12.1,0.0,3.4,16.1,0.0
Manaea, Sean,640455,56.0,0.0,0.0,12.6,31.5,0.0,0.0,0.0
Ray, Robbie,592662,54.0,0.0,0.0,25.5,0.0,20.5,0.0,0.0
Liriano, Francisco,434538,2.7,43.9,0.0,33.0,20.1,0.2,0.0,0.0
Gray, Sonny,543243,26.5,30.5,1.1,14.7,2.4,24.8,0.0,0.0
Richards, Trevor,670950,54.8,0.0,0.0,13.0,32.2,0.0,0.0,0.0
Keller, Brad,641745,44.5,25.5,0.0,26.2,3.8,0.0,0.0,0.0
Colon, Bartolo,112526,16.4,62.3,2.8,7.4,11.1,0.0,0.0,0.0
Sanchez, Anibal,434671,32.9,8.0,20.3,4.8,5.9,9.3,18.9,0.0
Chen, Wei-Yin,612672,53.0,3.0,0.0,22.1,11.6,10.2,0.0,0.0
McCullers Jr., Lance,621121,0.9,35.7,0.0,0.0,15.8,47.6,0.0,0.0
Barria, Jaime,642545,26.3,23.3,0.0,36.0,14.4,0.0,0.0,0.0
Strasburg, Stephen,544931,45.4,6.5,0.0,8.7,19.8,19.5,0.0,0.0
Fulmer, Michael,605242,26.4,35.1,0.0,24.3,14.2,0.0,0.0,0.0
Skaggs, Tyler,572140,45.8,12.8,0.0,0.0,13.2,28.2,0.0,0.0
Straily, Dan,573185,43.4,5.9,0.0,32.9,17.0,0.7,0.0,0.0
Eovaldi, Nathan,543135,39.8,0.0,31.9,10.9,0.0,5.2,12.1,0.0
Maeda, Kenta,628317,42.2,2.1,0.0,30.0,15.0,10.7,0.0,0.0
Zimmermann, Jordan,519455,43.0,2.2,0.0,33.2,5.6,16.0,0.0,0.0
Hammel, Jason,434628,12.8,38.8,0.0,37.7,4.1,6.6,0.0,0.0
Mahle, Tyler,641816,67.7,0.0,0.0,20.5,11.4,0.5,0.0,0.0
Lucchesi, Joey,664192,0.8,63.4,0.0,0.0,0.0,35.8,0.0,0.0
Kennedy, Ian,453178,57.4,1.2,10.3,1.5,10.3,19.4,0.0,0.0
Covey, Dylan,592229,0.5,60.3,2.3,14.1,11.5,11.3,0.0,0.0
Bumgarner, Madison,518516,0.0,34.3,34.9,0.0,8.0,22.8,0.0,0.0
Eflin, Zach,621107,46.4,11.8,0.0,24.9,11.2,5.7,0.0,0.0
Gaviglio, Sam,543208,0.0,54.7,0.0,28.4,11.2,5.7,0.0,0.0
Martinez, Carlos,593372,18.8,26.3,16.0,22.4,13.9,2.7,0.0,0.0
Rodon, Carlos,607074,47.3,12.1,0.0,26.2,14.3,0.0,0.0,0.0
Chatwood, Tyler,543022,32.6,26.3,25.8,0.0,6.7,8.6,0.0,0.0
Montgomery, Mike,543557,20.1,30.6,7.6,0.0,19.9,21.9,0.0,0.0
Stripling, Ross,548389,39.3,0.0,2.8,25.2,11.0,21.7,0.0,0.0
Santiago, Hector,502327,0.2,68.7,0.0,3.8,19.7,7.5,0.0,0.0
Lauer, Eric,641778,57.6,0.0,20.0,7.1,3.7,11.5,0.0,0.0
Bettis, Chad,518452,40.6,1.4,18.8,0.0,26.6,12.5,0.0,0.0
Blach, Ty,621389,0.0,57.6,0.0,5.2,26.0,11.2,0.0,0.0
Gant, John,607231,16.8,38.6,0.0,5.1,27.5,12.0,0.0,0.0
Rodriguez, Dereck,605446,37.3,16.0,11.4,0.0,16.5,18.8,0.0,0.0
Glasnow, Tyler,607192,70.5,0.0,0.0,10.2,1.8,17.5,0.0,0.0
Bieber, Shane,669456,57.4,0.0,0.0,22.6,3.8,16.1,0.0,0.0
Sanchez, Aaron,592717,30.8,32.5,0.0,0.0,24.7,12.0,0.0,0.0
Moore, Matt,519043,58.5,0.0,9.2,0.0,13.5,18.8,0.0,0.0
Bailey, Homer,456701,40.4,14.9,0.0,18.3,0.1,10.0,16.3,0.0
DeSclafani, Anthony,543101,31.6,26.2,0.0,35.0,3.6,3.6,0.0,0.0
Cahill, Trevor,502239,3.0,38.0,18.7,0.0,24.6,15.7,0.0,0.0
Mengden, Daniel,596043,40.0,13.0,6.5,17.2,13.0,10.3,0.0,0.0
Hess, David,605276,58.5,0.3,0.0,24.8,9.0,7.4,0.0,0.0
Johnson, Brian,598271,47.6,1.5,0.0,20.6,1.9,28.5,0.0,0.0
Stroman, Marcus,573186,6.2,43.5,14.9,29.9,4.6,1.0,0.0,0.0
Gallardo, Yovani,451596,30.4,23.5,0.0,21.1,12.6,12.3,0.0,0.0
Brault, Steven,643230,45.4,19.8,16.0,4.1,12.9,1.9,0.0,0.0
Suter, Brent,608718,67.4,1.4,0.0,6.8,12.9,11.5,0.0,0.0
Musgrove, Joe,605397,32.1,17.8,15.4,18.7,13.9,2.1,0.0,0.0
Lugo, Seth,607625,25.1,23.8,0.0,11.7,7.6,31.8,0.0,0.0
Senzatela, Antonio,622608,63.3,0.0,0.0,18.3,9.2,9.2,0.0,0.0
Borucki, Ryan,621366,0.0,58.7,0.0,9.6,23.3,8.4,0.0,0.0
Erlin, Robbie,572362,30.3,28.5,0.0,5.2,17.4,18.6,0.0,0.0
Wright, Mike,605541,39.4,18.2,0.0,30.6,5.5,6.3,0.0,0.0
Vargas, Jason,450306,11.6,42.8,0.0,0.0,29.5,16.2,0.0,0.0
Ryu, Hyun-Jin,547943,33.7,5.5,23.9,1.1,17.7,18.1,0.0,0.0
Miley, Wade,489119,11.0,9.7,41.8,2.3,16.1,19.1,0.0,0.0
Chavez, Jesse,445926,15.7,26.4,37.0,12.2,6.5,2.2,0.0,0.0
Jackson, Edwin,429719,19.3,14.9,33.8,20.3,8.0,3.7,0.0,0.0
German, Domingo,593334,29.9,17.7,0.0,0.0,16.3,36.1,0.0,0.0
Castro, Miguel,612434,0.1,58.4,0.0,26.2,15.2,0.0,0.0,0.0
Hader, Josh,623352,77.8,1.6,0.0,20.3,0.3,0.0,0.0,0.0
Pomeranz, Drew,519141,39.7,12.5,6.8,0.0,1.9,39.0,0.0,0.0
Kuhl, Chad,641771,22.2,36.5,0.0,19.8,8.4,13.1,0.0,0.0
Smith, Burch,572143,61.0,0.9,0.0,0.0,16.6,21.5,0.0,0.0
Peralta, Freddy,642547,77.9,0.0,0.0,0.0,2.7,19.5,0.0,0.0
Buchholz, Clay,453329,23.8,17.3,24.7,0.0,16.9,17.2,0.0,0.0
Wacha, Michael,608379,42.4,0.0,20.0,0.0,22.6,15.0,0.0,0.0
Pena, Felix,570240,8.0,50.3,0.0,34.8,6.8,0.0,0.0,0.0
Perez, Martin,527048,16.4,50.6,0.0,6.5,17.5,9.0,0.0,0.0
Lyles, Jordan,543475,34.3,14.1,0.0,9.6,13.2,28.8,0.0,0.0
Smith, Caleb,592761,58.8,0.3,0.0,27.1,13.7,0.1,0.0,0.0
Velazquez, Hector,584171,22.9,36.8,0.0,13.6,23.5,3.2,0.0,0.0
Hellickson, Jeremy,476451,37.9,2.3,10.7,0.0,25.8,23.3,0.0,0.0
Garcia, Jaime,448802,34.8,32.0,0.0,16.0,12.2,4.9,0.0,0.0
Ramirez, Noe,598287,0.0,41.9,0.0,0.0,28.2,29.9,0.0,0.0
Jeffress, Jeremy,502026,24.9,28.3,0.0,0.0,0.0,32.3,14.6,0.0
Hardy, Blaine,543278,32.0,1.1,33.6,0.0,24.1,9.2,0.0,0.0
Andriese, Matt,542882,46.9,0.0,0.0,2.8,41.6,8.7,0.0,0.0
Ottavino, Adam,493603,1.4,42.0,9.9,46.4,0.3,0.0,0.0,0.0
Kelly, Joe,523260,50.6,5.0,0.0,13.2,10.8,20.4,0.0,0.0
Fillmyer, Heath,641571,48.4,4.1,0.0,22.2,14.7,10.7,0.0,0.0
Richards, Garrett,572070,31.2,19.1,0.0,39.0,0.1,10.6,0.0,0.0
Chirinos, Yonny,630023,6.5,56.7,0.0,23.0,0.0,0.0,13.8,0.0
Petit, Yusmeiro,433589,46.8,0.8,18.8,0.0,18.7,14.8,0.0,0.0
Green, Chad,643338,86.3,0.0,0.0,10.4,0.0,0.0,3.3,0.0
Kingham, Nick,592468,39.7,16.0,9.1,11.6,15.4,8.1,0.0,0.0
Kimbrel, Craig,518886,64.0,0.0,0.0,0.0,0.1,35.9,0.0,0.0
Koch, Matt,571863,42.9,0.0,25.3,0.0,16.1,15.7,0.0,0.0
Lorenzen, Michael,547179,11.7,39.9,0.5,34.5,7.4,5.9,0.0,0.0
Gsellman, Robert,607229,1.2,61.4,0.0,16.6,8.8,11.9,0.0,0.0
Jansen, Kenley,445276,10.4,0.0,83.8,5.8,0.0,0.0,0.0,0.0
Hicks, Jordan,663855,3.1,75.0,0.0,22.0,0.0,0.0,0.0,0.0
Barnes, Matt,598264,54.3,0.0,0.0,0.0,0.0,41.6,4.1,0.0
Plutko, Adam,592644,59.7,0.0,0.0,20.7,9.7,9.9,0.0,0.0
Farmer, Buck,571656,57.4,0.0,0.0,17.3,25.3,0.0,0.0,0.0
McHugh, Collin,543521,48.9,0.5,7.8,24.3,0.6,17.9,0.0,0.0
Flynn, Brian,543169,23.1,45.6,0.0,30.7,0.6,0.0,0.0,0.0
Givens, Mychal,571710,75.5,1.4,0.0,14.1,9.0,0.0,0.0,0.0
Robertson, David,502085,0.1,0.9,42.1,21.9,0.3,34.7,0.0,0.0
Bradley, Archie,605151,68.9,12.6,0.0,0.7,0.0,17.8,0.0,0.0
Gomber, Austin,596295,48.7,0.0,0.0,20.6,8.8,21.9,0.0,0.0
Ramirez, Yefry,606162,46.1,5.3,0.1,21.5,25.8,1.2,0.0,0.0
Oh, Seunghwan,493200,51.0,2.2,30.0,1.6,7.8,7.4,0.0,0.0
Biagini, Joe,607352,5.3,56.1,15.2,0.0,9.7,13.8,0.0,0.0
McCarthy, Brandon,435221,0.8,37.1,31.5,7.0,0.0,23.6,0.0,0.0
Betances, Dellin,476454,47.1,0.0,0.0,17.2,0.1,35.6,0.0,0.0
Vazquez, Felipe,553878,65.3,0.2,0.0,7.6,19.1,7.8,0.0,0.0
Anderson, Brett,474463,17.9,31.1,0.0,25.2,19.4,6.4,0.0,0.0
Familia, Jeurys,544727,15.6,52.7,0.0,28.6,0.0,0.0,3.2,0.0
Hand, Brad,543272,29.8,15.6,0.0,54.7,0.0,0.0,0.0,0.0
Brach, Brad,542960,52.1,5.6,0.0,17.9,24.4,0.0,0.0,0.0
Treinen, Blake,595014,16.2,50.6,10.9,22.2,0.1,0.0,0.0,0.0
Hembree, Heath,592390,56.6,0.0,0.0,31.1,0.1,12.3,0.0,0.0
Pressly, Ryan,519151,39.7,3.1,0.0,27.8,0.0,29.4,0.0,0.0
Tropeano, Nick,607374,27.7,19.7,0.0,24.3,14.0,0.0,14.3,0.0
Rodney, Fernando,407845,22.6,48.0,0.0,0.3,29.1,0.0,0.0,0.0
Diaz, Edwin,621242,62.1,0.3,0.0,37.4,0.2,0.0,0.0,0.0
Mitchell, Bryan,571951,60.9,0.5,14.3,0.0,6.2,18.1,0.0,0.0
Allen, Cody,592102,60.0,0.0,0.0,0.0,0.0,40.0,0.0,0.0
Trivino, Lou,642152,32.4,20.6,39.3,0.0,0.9,6.7,0.0,0.0
Cishek, Steve,518553,12.9,49.4,0.0,37.4,0.4,0.0,0.0,0.0
Steckenrider, Drew,608716,75.7,0.7,0.0,16.1,3.7,3.7,0.0,0.0
Peacock, Brad,502748,25.9,28.6,0.0,40.2,0.8,4.4,0.0,0.0
Davis, Wade,451584,47.4,2.1,29.1,0.0,0.1,21.4,0.0,0.0
Clippard, Tyler,461325,43.1,0.0,0.0,0.0,31.6,1.0,24.4,0.0
Jimenez, Joe,641729,67.2,0.0,0.0,22.1,10.6,0.0,0.0,0.0
Parker, Blake,453284,57.5,0.0,0.6,0.0,0.0,10.8,31.1,0.0
Iglesias, Raisel,628452,18.1,31.8,0.0,26.5,23.7,0.0,0.0,0.0
Davies, Zach,605200,0.0,56.7,12.9,1.5,12.3,16.7,0.0,0.0
Tomlin, Josh,458708,28.8,4.7,39.1,0.0,4.7,22.8,0.0,0.0
Soria, Joakim,465657,66.1,1.0,0.0,11.2,14.1,7.7,0.0,0.0
Hughes, Jared,453172,8.2,76.9,0.0,13.3,1.6,0.0,0.0,0.0
Rodriguez, Richard,593144,75.1,0.0,0.0,24.8,0.1,0.0,0.0,0.0
Romo, Sergio,489265,14.5,15.4,0.0,58.0,12.0,0.0,0.0,0.0
Knebel, Corey,608349,70.4,0.0,0.0,0.0,0.0,29.6,0.0,0.0
Stammen, Craig,489334,0.1,68.2,0.1,20.5,0.0,11.1,0.0,0.0
Guerrero, Tayron,594027,76.2,2.8,0.0,19.2,1.8,0.0,0.0,0.0
Hildenberger, Trevor,657610,7.2,37.0,0.0,23.0,32.9,0.0,0.0,0.0
Faria, Jake,607188,60.6,0.0,0.0,17.6,0.0,3.1,18.7,0.0
Fister, Doug,450729,0.6,62.1,14.6,0.0,9.5,13.2,0.0,0.0
Hernandez, Elieser,622694,62.0,0.0,0.0,22.9,15.1,0.0,0.0,0.0
Hirano, Yoshihisa,673633,53.7,0.0,0.0,0.9,0.0,0.0,45.4,0.0
Moronta, Reyes,606625,50.7,0.2,0.0,48.9,0.2,0.0,0.0,0.0
Floro, Dylan,571670,11.3,51.6,0.0,28.3,8.8,0.0,0.0,0.0
Baez, Pedro,520980,40.4,21.2,0.0,21.1,17.3,0.0,0.0,0.0
Skoglund, Eric,607215,30.6,29.7,0.0,0.0,13.5,26.2,0.0,0.0
Colome, Alex,517008,45.3,0.0,54.4,0.0,0.3,0.0,0.0,0.0
Stanek, Ryne,592773,60.1,0.0,0.0,26.9,0.0,0.0,13.0,0.0
Minter, A.J.,621345,48.6,0.0,47.9,0.0,3.5,0.0,0.0,0.0
Greene, Shane,572888,5.1,45.7,24.1,25.1,0.0,0.0,0.0,0.0
Jennings, Dan,543359,4.8,53.9,0.0,41.2,0.1,0.0,0.0,0.0
Holder, Jonathan,656547,55.2,0.0,12.0,14.3,16.7,1.8,0.0,0.0
McFarland, T.J.,519008,0.0,72.8,0.0,13.9,13.4,0.0,0.0,0.0
Ziegler, Brad,446899,0.1,73.0,0.0,0.0,8.4,18.5,0.0,0.0
Claudio, Alex,592222,0.0,51.8,0.0,11.7,36.5,0.0,0.0,0.0
Sewald, Paul,623149,59.2,4.4,0.0,30.3,6.1,0.0,0.0,0.0
Anderson, Justin,605121,44.9,0.0,0.0,55.0,0.0,0.2,0.0,0.0
Crick, Kyle,605195,57.0,15.9,0.0,25.8,1.3,0.0,0.0,0.0
Tepera, Ryan,572193,30.3,30.8,34.5,2.5,1.8,0.0,0.0,0.0
Pagan, Emilio,641941,64.5,1.8,0.0,29.4,4.1,0.1,0.0,0.0
Wilson, Justin,458677,75.4,0.0,14.9,9.6,0.0,0.0,0.0,0.0
Alvarado, Jose,621237,1.4,69.2,10.4,0.0,0.0,19.0,0.0,0.0
Bedrosian, Cam,592135,55.5,0.0,0.0,44.5,0.0,0.0,0.0,0.0
Oswalt, Corey,621261,45.7,20.8,0.0,0.0,15.8,17.7,0.0,0.0
Winkler, Dan,595465,31.5,2.8,50.4,0.0,0.6,14.8,0.0,0.0
Alvarez, Jose,501625,36.4,20.5,4.3,12.4,14.6,11.8,0.0,0.0
Garcia, Jarlin,606424,52.3,0.0,0.0,22.8,24.7,0.2,0.0,0.0
Pruitt, Austin,643493,43.9,0.7,0.0,25.7,9.0,20.6,0.0,0.0
Johnson, Jim,462382,9.0,59.3,0.0,0.0,4.3,27.4,0.0,0.0
Shaw, Bryan,543766,0.4,0.0,84.3,15.2,0.1,0.0,0.0,0.0
Biddle, Jesse,592145,47.8,7.4,0.0,19.2,0.0,25.6,0.0,0.0
Barraclough, Kyle,607457,59.8,0.0,0.0,28.8,11.5,0.0,0.0,0.0
Diekman, Jake,518617,0.0,63.9,0.0,36.1,0.0,0.0,0.0,0.0
Yates, Kirby,489446,58.4,0.0,0.0,5.4,0.0,0.0,36.3,0.0
McCarthy, Kevin,641838,5.2,61.8,0.0,6.1,22.1,4.9,0.0,0.0
Shreve, Chasen,592741,53.9,0.0,0.0,9.8,0.0,0.0,36.3,0.0
Magill, Matt,543483,59.0,1.9,0.0,19.5,3.7,15.9,0.0,0.0
De La Rosa, Jorge,407822,43.3,0.0,12.1,0.0,0.0,4.3,40.3,0.0
Alexander, Scott,518397,1.8,83.6,0.0,10.7,3.9,0.0,0.0,0.0
Rondon, Hector,444468,56.0,5.6,0.0,34.1,4.3,0.0,0.0,0.0
Garrett, Amir,607237,60.0,3.2,0.0,33.4,3.4,0.0,0.0,0.0
Strahm, Matt,621381,58.0,0.0,0.0,15.5,14.3,12.1,0.0,0.0
Montas, Frankie,593423,17.0,55.4,0.0,24.6,2.9,0.0,0.0,0.0
Warren, Adam,476589,39.9,0.2,0.0,45.8,8.3,5.8,0.0,0.0
Dyson, Sam,473879,7.3,58.6,14.5,5.6,14.0,0.0,0.0,0.0
Cimber, Adam,643256,27.9,47.1,0.0,24.9,0.0,0.0,0.0,0.0
Kintzler, Brandon,445213,3.2,79.8,0.0,8.4,8.6,0.0,0.0,0.0
Boxberger, Brad,502202,66.3,0.0,0.0,3.0,30.8,0.0,0.0,0.0
Hernandez, David,456696,12.1,45.8,0.0,18.7,3.8,19.6,0.0,0.0
Oberg, Scott,623184,48.4,5.9,0.0,38.6,7.1,0.0,0.0,0.0
Robles, Hansel,570663,60.5,8.7,0.0,28.3,2.6,0.0,0.0,0.0
Norris, Bud,502032,26.5,29.7,36.1,7.4,0.2,0.0,0.0,0.0
Chapman, Aroldis,547973,65.9,7.9,0.0,25.4,0.7,0.0,0.0,0.0
Romero, Fernando,622864,31.1,32.4,0.0,24.7,11.8,0.0,0.0,0.0
Watson, Tony,453265,0.0,50.7,0.0,19.2,30.1,0.0,0.0,0.0
Hunter, Tommy,488984,9.1,33.0,44.5,0.0,0.0,13.4,0.0,0.0
Scott, Tanner,656945,55.3,0.0,0.0,44.7,0.0,0.0,0.0,0.0
Lopez, Pablo,641154,34.1,26.3,0.0,0.0,19.2,20.3,0.0,0.0
Madson, Ryan,425492,39.0,23.4,3.2,0.0,22.3,12.1,0.0,0.0
Carle, Shane,641438,46.7,0.1,0.0,25.0,16.7,11.5,0.0,0.0
Gearrin, Cory,518715,0.0,50.2,0.0,36.6,13.2,0.0,0.0,0.0
Edwards Jr., Carl,605218,75.8,0.1,0.0,0.0,0.1,24.0,0.0,0.0
Rogers, Taylor,573124,1.8,51.2,0.0,13.1,0.6,33.3,0.0,0.0
Arano, Victor,644364,25.0,15.2,0.0,56.1,3.7,0.0,0.0,0.0
Fedde, Erick,607200,4.6,49.6,13.2,14.9,0.0,5.8,11.9,0.0
Wilson, Alex,543935,13.8,28.1,0.0,53.5,1.8,2.9,0.0,0.0
Williams, Taylor,592865,64.6,0.3,0.0,34.3,0.9,0.0,0.0,0.0
Feliz, Michael,593140,67.7,5.8,0.0,22.2,4.4,0.0,0.0,0.0
Leclerc, Jose,600917,44.3,3.4,0.0,42.9,6.0,3.4,0.0,0.0
Dominguez, Seranthony,622554,59.8,6.9,0.0,27.0,6.3,0.0,0.0,0.0
Santana, Edgar,650828,13.0,44.5,0.0,39.0,3.6,0.0,0.0,0.0
Rusin, Chris,543734,8.4,42.9,26.7,2.2,17.2,2.7,0.0,0.0
Woodruff, Brandon,605540,51.5,12.9,0.0,24.0,10.7,1.0,0.0,0.0
Rodriguez, Jefry,622446,43.8,22.2,0.0,0.0,11.9,22.2,0.0,0.0
Axford, John,446099,12.6,62.4,0.0,10.2,0.0,14.9,0.0,0.0
Duke, Zach,435043,2.7,46.3,0.0,15.4,12.6,22.9,0.0,0.0
VerHagen, Drew,572403,4.6,49.3,0.0,28.4,0.9,16.8,0.0,0.0
Otero, Dan,519096,12.2,67.6,0.0,7.7,12.5,0.0,0.0,0.0
Minaya, Juan,573668,61.2,0.0,0.0,8.1,23.1,7.5,0.0,0.0
Mayers, Mike,594577,60.4,0.0,0.0,37.9,1.2,0.4,0.0,0.0
Harris, Will,501789,5.4,0.0,57.5,0.0,0.0,37.1,0.0,0.0
Castillo, Diego,650895,12.1,42.0,45.9,0.0,0.0,0.0,0.0,0.0
Fry, Jace,605240,14.6,19.2,31.8,0.0,10.8,23.6,0.0,0.0
Reed, Addison,592665,67.6,3.0,0.0,29.4,0.0,0.0,0.0,0.0
Freeman, Sam,518693,38.0,22.6,0.0,0.0,0.0,14.9,24.5,0.0
Miller, Justin,502522,64.0,7.0,0.0,27.2,1.8,0.0,0.0,0.0
Strop, Pedro,467008,14.1,24.4,30.3,29.4,0.0,0.0,1.8,0.0
Lopez, Jorge,605347,20.8,30.7,0.0,10.5,11.2,26.8,0.0,0.0
Ferguson, Caleb,657571,71.5,0.5,0.0,0.1,3.1,24.9,0.0,0.0
Beeks, Jalen,656222,42.3,0.6,20.0,0.0,18.4,18.8,0.0,0.0
Chafin, Andrew,605177,24.0,32.6,0.0,42.5,0.9,0.0,0.0,0.0
Jurado, Ariel,642558,13.8,56.4,0.0,9.0,11.5,9.2,0.0,0.0
Cole, A.J.,595918,20.8,12.8,0.0,44.2,1.9,20.2,0.0,0.0
Peralta, Wandy,593974,21.6,27.3,0.0,20.7,30.5,0.0,0.0,0.0
Kela, Keone,605309,62.6,0.1,0.0,0.0,1.5,35.7,0.0,0.0
Bradford, Chasen,607473,28.4,26.6,0.0,41.1,3.8,0.0,0.0,0.0
McGee, Jake,459429,86.4,0.0,0.0,13.6,0.0,0.0,0.0,0.0
Ohtani, Shohei,660271,46.5,0.0,0.0,24.6,0.0,6.6,22.3,0.0
Morgan, Adam,605388,21.5,13.3,0.0,41.6,15.4,8.1,0.0,0.0
Grace, Matt,594840,0.0,66.7,0.0,28.7,4.6,0.0,0.0,0.0
Font, Wilmer,521655,59.1,6.4,0.0,9.3,0.0,17.0,8.2,0.0
Butler, Eddie,572750,34.1,29.6,12.4,0.0,12.4,11.5,0.0,0.0
Barnes, Jacob,606930,49.8,0.0,50.0,0.2,0.0,0.0,0.0,0.0
Coleman, Louis,488786,40.2,14.0,0.0,44.9,0.7,0.1,0.0,0.0
Brebbia, John,605154,51.5,1.6,0.0,45.5,1.4,0.0,0.0,0.0
Maton, Phil,664208,61.1,0.0,2.4,0.0,0.0,36.5,0.0,0.0
Volstad, Chris,458690,4.5,61.5,0.0,0.6,7.6,25.9,0.0,0.0
Elias, Roenis,606273,32.6,22.2,0.0,0.0,21.0,24.2,0.0,0.0
Vincent, Nick,543883,47.5,1.7,46.9,0.1,3.7,0.0,0.0,0.0
Perdomo, Luis,606131,10.8,51.3,0.0,26.5,0.0,0.0,11.5,0.0
Wright, Steven,453214,3.3,4.2,0.0,0.0,0.0,5.2,0.0,87.3
Avilan, Luis,501593,0.4,34.0,0.0,0.0,47.7,18.0,0.0,0.0
Norris, Daniel,596057,49.2,2.9,0.0,35.5,6.5,5.9,0.0,0.0
Johnson, Pierce,572955,49.9,0.0,21.7,0.0,0.0,28.3,0.0,0.0
Holland, Greg,518813,43.5,0.0,0.0,45.5,0.1,10.8,0.0,0.0
Smith, Will,519293,46.1,1.1,0.0,37.6,0.0,15.2,0.0,0.0
Bassitt, Chris,605135,13.3,43.7,25.4,0.0,4.3,13.3,0.0,0.0
Pazos, James,572021,0.0,91.8,0.0,8.2,0.0,0.0,0.0,0.0
Samardzija, Jeff,502188,15.5,44.3,3.9,18.7,0.0,11.2,6.4,0.0
Neris, Hector,593576,42.6,4.6,0.0,3.6,0.0,0.0,49.1,0.0
Cueto, Johnny,456501,25.0,19.2,0.0,27.0,27.9,1.0,0.0,0.0
Strickland, Hunter,519326,53.7,11.2,0.0,23.5,11.6,0.0,0.0,0.0
Barnes, Danny,592130,65.1,0.5,0.0,10.8,23.7,0.0,0.0,0.0
Petricka, Jake,502593,0.5,65.7,0.0,25.8,8.0,0.0,0.0,0.0
Drake, Oliver,543118,45.4,0.0,0.0,0.0,0.0,7.7,46.8,0.0
Suero, Wander,593833,4.4,0.0,75.3,0.0,4.6,15.7,0.0,0.0
Blevins, Jerry,460283,51.7,0.0,0.0,0.0,8.5,39.8,0.0,0.0
Bibens-Dirkx, Austin,502212,33.9,13.5,0.0,21.3,17.9,13.4,0.0,0.0
Devenski, Chris,606965,41.5,0.0,0.0,19.2,39.2,0.0,0.0,0.0
Conley, Adam,543045,56.8,0.0,0.0,16.1,27.0,0.0,0.0,0.0
McAllister, Zach,502083,67.2,8.8,0.0,0.0,1.4,22.5,0.0,0.0
Roe, Chaz,475054,7.2,40.3,0.0,52.5,0.0,0.0,0.0,0.0
Hill, Tim,657612,32.3,44.5,0.0,23.2,0.0,0.0,0.0,0.0
Nicasio, Juan,504379,58.6,10.5,0.0,28.5,2.5,0.0,0.0,0.0
Despaigne, Odrisamer,628333,20.8,31.1,20.5,11.8,11.0,4.8,0.0,0.0
Giles, Ken,571704,58.8,0.3,0.0,40.9,0.0,0.0,0.0,0.0
Garcia, Luis,472610,15.5,32.9,0.0,39.4,0.0,0.0,12.2,0.0
Ramirez, Erasmo,541640,7.2,33.5,27.4,10.2,19.7,2.0,0.0,0.0
Hutchison, Drew,571800,53.3,4.3,0.0,31.0,11.5,0.0,0.0,0.0
Ramirez, Neil,519166,33.8,23.5,0.0,42.8,0.0,0.0,0.0,0.0
Ramos, Edubray,591693,35.0,3.5,0.0,57.3,4.2,0.0,0.0,0.0
Kelley, Shawn,518875,51.7,0.0,0.0,48.3,0.0,0.0,0.0,0.0
Rosario, Randy,600968,44.5,15.5,35.5,0.0,4.3,0.1,0.0,0.0
Darvish, Yu,506433,37.3,18.7,13.5,24.1,3.8,2.6,0.0,0.0
Solis, Sammy,519301,0.0,64.0,0.0,0.0,16.2,19.8,0.0,0.0
Musgrave, Harrison,643466,23.8,36.0,0.0,24.5,15.6,0.1,0.0,0.0
Wainwright, Adam,425794,9.7,27.1,21.3,0.0,5.8,36.2,0.0,0.0
Britton, Zack,502154,1.7,91.3,0.0,7.1,0.0,0.0,0.0,0.0
Triggs, Andrew,592811,5.0,43.7,0.0,20.9,7.5,22.9,0.0,0.0
Reed, Cody,642003,21.0,27.1,0.0,41.0,10.8,0.0,0.0,0.0
Duensing, Brian,488846,32.3,22.0,0.0,18.2,14.9,12.5,0.0,0.0
McGuire, Deck,592547,56.1,0.3,0.0,21.4,9.8,12.4,0.0,0.0
Hudson, Daniel,543339,52.9,1.5,0.0,41.0,4.6,0.0,0.0,0.0
Loup, Aaron,571901,0.0,65.5,16.3,0.0,8.6,9.6,0.0,0.0
Jackson, Luke,592426,41.6,0.0,0.3,43.6,0.0,14.6,0.0,0.0
Cessa, Luis,570666,41.1,0.6,0.0,42.3,12.9,3.1,0.0,0.0
Martin, Chris,455119,49.5,1.0,22.0,19.6,5.3,2.6,0.0,0.0
Workman, Brandon,519443,38.6,0.0,24.3,0.0,0.0,37.1,0.0,0.0
Stumpf, Daniel,621385,48.4,5.6,0.0,41.6,4.4,0.0,0.0,0.0
Wood, Hunter,621056,52.7,0.0,0.0,22.6,6.9,17.8,0.0,0.0
Herrera, Kelvin,516969,47.4,16.7,0.0,19.0,17.0,0.0,0.0,0.0
Pannone, Thomas,623381,64.2,0.0,0.0,0.0,17.6,18.3,0.0,0.0
Smith, Joe,501925,34.9,30.1,0.0,34.7,0.3,0.0,0.0,0.0
Burnes, Corbin,669203,61.1,0.6,0.3,31.4,0.0,6.6,0.0,0.0
Buchter, Ryan,488748,65.0,0.0,17.7,0.0,0.0,17.3,0.0,0.0
Vizcaino, Arodys,527055,8.7,58.3,0.0,29.9,3.1,0.0,0.0,0.0
Stephens, Jackson,623451,43.1,23.3,0.0,15.3,3.1,15.3,0.0,0.0
Yacabonis, Jimmy,642231,0.1,62.6,0.0,31.8,5.5,0.0,0.0,0.0
Albers, Matt,458006,20.2,44.6,0.0,23.8,11.3,0.0,0.0,0.0
Sparkman, Glenn,642098,56.4,0.0,0.0,25.4,9.9,8.4,0.0,0.0
Maurer, Brandon,543506,38.4,6.6,0.0,42.5,12.5,0.0,0.0,0.0
Salas, Fernando,477569,59.0,0.0,0.0,0.0,25.0,16.0,0.0,0.0
Sipp, Tony,448609,52.7,0.6,0.0,29.8,0.0,0.0,16.9,0.0
Fulmer, Carson,608334,54.9,0.3,22.1,0.0,15.1,7.6,0.0,0.0
Nix, Jacob,656798,62.5,0.0,0.0,3.7,14.2,19.7,0.0,0.0
Lewicki, Artie,592499,53.4,0.0,0.0,24.0,7.0,15.6,0.0,0.0
Melancon, Mark,453343,14.4,0.0,53.8,0.0,0.0,28.4,3.4,0.0
Hatcher, Chris,501822,29.2,20.1,26.7,10.5,0.0,0.0,13.6,0.0
Goeddel, Erik,592340,49.8,0.6,0.0,0.0,32.7,16.8,0.0,0.0
Brasier, Ryan,518489,50.8,12.9,0.0,32.0,4.4,0.0,0.0,0.0
Fry, Paul,643316,56.6,0.0,0.0,43.4,0.0,0.0,0.0,0.0
Kittredge, Andrew,552640,39.9,0.0,0.0,54.6,5.5,0.0,0.0,0.0
Reid-Foley, Sean,656887,54.2,9.0,0.0,23.6,7.9,5.3,0.0,0.0
Tuivailala, Sam,592815,23.1,35.9,0.0,25.5,0.0,15.4,0.0,0.0
Valdez, Framber,664285,23.2,46.6,0.0,0.0,0.0,30.2,0.0,0.0
Castillo, Jose,620454,55.2,0.0,0.0,44.6,0.2,0.0,0.0,0.0
Stewart, Kohl,640464,21.8,49.7,0.0,9.1,8.1,11.3,0.0,0.0
Moya, Gabriel,622382,36.5,5.6,0.0,19.3,38.4,0.2,0.0,0.0
Osuna, Roberto,532077,48.4,6.1,21.9,12.9,10.7,0.0,0.0,0.0
Graveman, Kendall,608665,1.8,55.8,14.4,13.0,15.1,0.0,0.0,0.0
Rios, Yacksel,605441,20.1,44.1,0.0,35.7,0.0,0.0,0.0,0.0
Saupold, Warwick,599683,42.6,0.0,0.0,33.9,5.8,17.6,0.0,0.0
Doolittle, Sean,448281,88.8,0.0,0.0,4.0,0.0,0.0,7.1,0.0
Cedeno, Xavier,458584,0.3,0.0,68.7,0.0,0.0,31.0,0.0,0.0
Davis, Austin,656354,47.9,0.0,0.0,28.3,23.8,0.0,0.0,0.0
Rondon, Bruce,541652,40.2,13.8,0.0,39.2,6.9,0.0,0.0,0.0
Bummer, Aaron,607481,10.5,55.7,10.8,19.2,3.8,0.0,0.0,0.0
Mayza, Tim,641835,48.4,7.6,0.0,44.0,0.0,0.0,0.0,0.0
Stock, Robert,476594,51.4,7.6,0.0,37.6,3.4,0.0,0.0,0.0
Wisler, Matt,605538,28.2,21.5,0.0,47.0,0.5,2.8,0.0,0.0
Fried, Max,608331,55.3,3.0,0.2,0.0,11.8,29.8,0.0,0.0
Brice, Austin,592169,19.8,48.5,0.0,1.7,2.0,28.1,0.0,0.0
Peralta, Wily,503449,49.3,0.2,0.0,37.6,11.3,1.7,0.0,0.0
Wittgren, Nick,621295,64.5,5.7,0.0,14.2,15.7,0.0,0.0,0.0
Farrell, Luke,608652,58.4,0.0,0.0,29.1,5.1,7.4,0.0,0.0
Guerra, Javy,457915,51.4,0.0,0.0,27.1,5.5,16.0,0.0,0.0
Schultz, Jaime,621289,80.3,0.0,0.0,9.9,0.0,9.8,0.0,0.0
Ponce de Leon, Daniel,594965,63.2,1.2,16.0,0.0,16.5,3.1,0.0,0.0
Miller, Andrew,453192,42.0,0.9,0.0,57.1,0.0,0.0,0.0,0.0
Belisle, Matt,279571,46.1,8.9,0.0,37.0,0.2,7.9,0.0,0.0
Adam, Jason,592094,61.1,0.0,0.0,0.0,7.9,31.0,0.0,0.0
Cole, Taylor,518566,39.4,0.0,0.0,35.7,24.9,0.0,0.0,0.0
Cecil, Brett,446399,17.9,19.7,16.3,0.0,9.3,36.7,0.0,0.0
Alcantara, Sandy,645261,33.5,27.0,0.0,17.6,12.7,9.2,0.0,0.0
Bashlor, Tyler,641341,68.8,0.0,0.0,27.3,3.9,0.0,0.0,0.0
Beck, Chris,571476,46.1,2.0,0.0,33.7,18.3,0.0,0.0,0.0
Venters, Jonny,458924,3.2,73.1,0.0,21.4,2.1,0.2,0.0,0.0
Hughes, Phil,461833,55.5,10.1,16.2,0.0,0.5,17.6,0.0,0.0
Rucinski, Drew,607968,31.0,17.6,35.5,4.5,7.5,3.9,0.0,0.0
Springs, Jeffrey,605488,0.0,62.7,0.0,13.7,23.2,0.4,0.0,0.0
Fields, Josh,451661,72.8,0.0,0.0,0.0,6.0,21.2,0.0,0.0
Lively, Ben,594902,46.2,14.4,0.0,12.4,0.7,26.2,0.0,0.0
Toussaint, Touki,657053,23.1,29.9,0.0,0.0,0.0,27.6,19.4,0.0
Graves, Brett,605255,37.0,15.6,0.0,30.2,0.0,17.3,0.0,0.0
Araujo, Pedro,606478,41.7,6.8,0.0,20.7,30.7,0.0,0.0,0.0
Tillman, Chris,501957,30.0,16.9,0.0,23.3,18.3,11.5,0.0,0.0
Jones, Nate,518858,0.0,64.7,0.0,33.2,2.1,0.0,0.0,0.0
Moylan, Peter,493247,0.0,57.6,0.0,36.8,5.4,0.0,0.2,0.0
Rhame, Jacob,642008,66.1,2.1,0.0,18.1,0.0,0.4,13.2,0.0
Gonsalves, Stephen,624427,59.4,0.0,0.0,15.7,17.1,7.8,0.0,0.0
Neverauskas, Dovydas,596720,37.6,10.3,23.2,0.0,1.4,27.5,0.0,0.0
Chargois, JT,608638,6.9,41.0,0.0,49.5,2.6,0.0,0.0,0.0
Kolarek, Adam,592473,10.9,52.9,0.0,13.9,22.1,0.2,0.0,0.0
Kennedy, Brett,664028,67.4,0.0,0.0,24.1,8.5,0.0,0.0,0.0
Nuno III, Vidal,573064,17.4,0.0,0.0,67.0,9.2,6.4,0.0,0.0
Shoemaker, Matt,533167,12.4,34.7,0.0,23.4,0.0,1.6,27.9,0.0
Casilla, Santiago,433586,23.0,31.5,0.0,10.6,6.2,28.7,0.0,0.0
Loaisiga, Jonathan,642528,55.7,0.0,0.0,0.0,13.2,31.1,0.0,0.0
Holmes, Clay,605280,22.6,48.5,11.2,0.6,3.4,13.6,0.0,0.0
Peters, Dillon,596071,53.0,0.2,0.0,0.0,12.2,34.5,0.0,0.0
Mendez, Yohander,622795,44.0,15.3,0.0,12.8,23.0,4.9,0.0,0.0
Bracho, Silvino,611093,55.4,0.2,0.0,7.5,36.9,0.0,0.0,0.0
Morrow, Brandon,453344,72.7,0.0,15.0,12.3,0.0,0.0,0.0,0.0
Swarzak, Anthony,461872,53.1,0.4,0.0,46.5,0.0,0.0,0.0,0.0
Kahnle, Tommy,592454,54.4,0.0,0.0,4.7,40.2,0.6,0.0,0.0
Busenitz, Alan,641427,60.7,3.4,0.0,0.0,1.3,34.7,0.0,0.0
Hendriks, Liam,521230,51.5,18.0,0.0,26.7,2.1,1.7,0.0,0.0
Leiter Jr., Mark,643410,24.8,27.0,10.9,0.0,27.4,9.9,0.0,0.0
Perez, Oliver,424144,12.6,38.3,0.0,49.0,0.0,0.0,0.0,0.0
Makita, Kazuhisa,628318,63.8,11.5,0.0,17.1,2.6,5.0,0.0,0.0
Gilmartin, Sean,543219,23.3,13.6,0.0,29.7,25.7,7.7,0.0,0.0
Montgomery, Jordan,656756,21.2,19.9,0.0,9.1,22.1,27.8,0.0,0.0
Bleier, Richard,542947,1.6,59.9,25.9,8.2,4.4,0.0,0.0,0.0
Kontos, George,502004,2.0,20.9,52.4,22.9,1.6,0.2,0.0,0.0
Olson, Tyler,621397,38.7,8.4,0.0,0.0,14.9,38.0,0.0,0.0
Gomez, Jeanmar,491646,3.8,39.6,0.0,21.4,22.5,12.7,0.0,0.0
May, Trevor,543507,58.5,0.7,0.0,10.7,10.7,19.4,0.0,0.0
Blackburn, Paul,621112,12.2,28.1,0.0,36.3,13.6,9.8,0.0,0.0
Alcantara, Victor,622505,0.2,72.0,0.0,8.9,18.9,0.0,0.0,0.0
Bowman, Matt,621199,9.3,50.8,0.0,20.5,0.0,6.4,13.0,0.0
Gonzalez, Merandy,642571,44.4,0.0,11.9,0.0,10.1,33.6,0.0,0.0
Smith, Drew,622098,58.9,10.3,0.0,0.0,5.0,25.7,0.0,0.0
Boyer, Blaine,430641,31.3,18.4,0.0,41.0,0.2,9.0,0.0,0.0
Hudson, Dakota,641712,3.0,58.2,0.0,27.7,0.0,11.1,0.0,0.0
Thornburg, Tyler,592804,55.6,0.0,0.0,0.0,15.1,29.3,0.0,0.0
Santana, Ervin,429722,30.1,18.0,0.0,31.5,20.3,0.0,0.0,0.0
Littell, Zack,641793,47.9,11.3,16.9,0.0,10.8,13.1,0.0,0.0
James, Josh,657624,57.3,0.0,0.0,15.0,26.3,1.4,0.0,0.0
Carpenter, Ryan,543001,31.8,20.0,0.0,28.2,10.1,9.9,0.0,0.0
Milone, Tommy,543548,58.4,0.0,0.0,11.5,25.6,4.5,0.0,0.0
Tazawa, Junichi,547749,69.3,0.0,0.0,5.3,0.0,25.4,0.0,0.0
Bush, Matt,456713,55.6,8.9,12.3,0.0,0.0,23.2,0.0,0.0
Duffey, Tyler,608648,37.0,24.7,0.0,0.0,5.1,33.2,0.0,0.0
Dull, Ryan,623430,52.9,0.0,0.0,41.4,5.6,0.0,0.0,0.0
Barnette, Tony,501817,28.1,18.5,24.9,0.0,0.0,24.2,4.2,0.0
Soroka, Mike,647336,28.4,39.5,0.0,22.7,9.4,0.0,0.0,0.0
Peterson, Tim,623402,59.2,0.0,0.0,14.1,26.7,0.0,0.0,0.0
Black, Ray,605143,64.0,0.0,0.0,31.3,0.0,4.7,0.0,0.0
Lawrence, Casey,596271,22.4,28.1,0.0,39.2,10.3,0.0,0.0,0.0
Reininger, Zac,643617,58.0,2.3,0.0,15.7,0.0,24.1,0.0,0.0
Coulombe, Danny,543056,18.8,15.5,0.0,36.8,0.0,28.9,0.0,0.0
Gossett, Daniel,605254,42.9,8.5,0.0,29.8,9.8,9.0,0.0,0.0
Leone, Dominic,608678,31.4,25.7,38.3,4.6,0.0,0.0,0.0,0.0
Finnegan, Brandon,605232,36.6,29.0,0.0,23.0,11.5,0.0,0.0,0.0
Hart, Donnie,643354,0.0,56.2,0.0,32.7,11.1,0.0,0.0,0.0
Santos, Luis,608601,43.2,6.6,0.0,0.0,22.8,27.3,0.0,0.0
Poyner, Bobby,596074,59.9,0.0,0.0,6.4,28.6,5.1,0.0,0.0
Cingrani, Tony,571561,79.0,0.0,0.0,19.4,1.6,0.0,0.0,0.0
Carroll, Cody,606944,66.4,0.0,0.0,27.4,0.0,0.0,6.2,0.0
Collins, Tim,525768,53.1,0.0,0.0,18.3,11.6,17.0,0.0,0.0
Neshek, Pat,450212,0.0,39.5,0.0,59.7,0.8,0.0,0.0,0.0
Meyer, Ben,656738,0.0,66.4,0.0,0.0,10.0,23.6,0.0,0.0
Meisinger, Ryan,664682,47.1,0.0,0.0,49.3,3.6,0.0,0.0,0.0
Garcia, Yimi,554340,55.0,1.4,0.0,23.5,5.5,14.6,0.0,0.0
Altavilla, Dan,656186,52.5,0.0,0.0,47.5,0.0,0.0,0.0,0.0
Ramos, AJ,573109,22.9,15.6,24.3,19.8,6.1,11.2,0.0,0.0
Mejia, Adalberto,606167,45.7,13.4,0.0,23.5,17.4,0.0,0.0,0.0
Webb, Tyler,643778,58.8,1.1,0.0,24.3,15.8,0.0,0.0,0.0
Kelly, Casey,543391,37.4,16.1,0.0,10.8,10.8,24.9,0.0,0.0
Cuevas, William,571035,29.3,7.5,0.0,28.4,19.8,14.9,0.0,0.0
Diaz, Miguel,622766,53.6,1.7,0.0,24.2,20.5,0.0,0.0,0.0
Sampson, Adrian,592716,0.0,57.5,0.0,16.8,22.1,3.5,0.0,0.0
Dunn, Mike,445197,55.0,0.9,0.0,37.0,0.0,7.1,0.0,0.0
Cloyd, Tyler,543031,22.6,31.5,28.0,0.0,5.4,12.5,0.0,0.0
De Los Santos, Enyel,660853,60.3,0.0,0.0,2.4,25.1,12.2,0.0,0.0
O'Day, Darren,503285,36.1,16.3,0.0,47.6,0.0,0.0,0.0,0.0
Cordero, Jimmy,622772,40.7,21.1,8.7,20.5,9.0,0.0,0.0,0.0
Miller, Shelby,571946,58.8,4.9,11.9,0.0,0.6,23.8,0.0,0.0
Paredes, Eduardo,622161,59.0,0.0,0.0,32.7,8.3,0.0,0.0,0.0
Wingenter, Trey,622259,68.6,0.0,0.0,31.1,0.3,0.0,0.0,0.0
Stewart, Brock,592779,10.3,51.6,0.0,12.2,25.9,0.0,0.0,0.0
Vieira, Thyago,600986,78.4,1.9,0.0,16.3,3.4,0.0,0.0,0.0
Curtis, Zac,657205,59.3,1.9,0.0,28.4,10.4,0.0,0.0,0.0
Brigham, Jeff,656257,61.1,0.0,0.0,0.0,8.5,30.4,0.0,0.0
Sims, Lucas,608371,47.4,9.6,0.0,3.8,11.9,27.2,0.0,0.0
Cook, Ryan,475857,58.0,9.3,0.0,27.2,5.4,0.0,0.0,0.0
Middleton, Keynan,641871,64.6,0.0,0.0,26.0,9.3,0.0,0.0,0.0
Jepsen, Kevin,448178,61.7,0.0,0.0,0.0,3.9,34.4,0.0,0.0
Gohara, Luiz,627894,54.0,2.6,0.0,40.4,3.0,0.0,0.0,0.0
Gott, Trevor,641627,22.3,52.5,0.0,0.0,1.0,24.3,0.0,0.0
Buttrey, Ty,621142,58.0,0.0,0.0,25.3,16.7,0.0,0.0,0.0
Grimm, Justin,518748,48.6,2.0,0.0,7.5,0.0,41.8,0.0,0.0
Pounders, Brooks,572044,48.5,0.0,0.0,38.9,12.6,0.0,0.0,0.0
Mills, Alec,621219,34.6,24.3,0.0,13.7,19.5,7.9,0.0,0.0
Rumbelow, Nick,592705,50.9,0.0,0.0,26.1,23.0,0.0,0.0,0.0
Lockett, Walker,621141,55.5,2.4,1.0,0.0,18.6,22.4,0.0,0.0
Jerez, Williams,605301,61.1,0.0,0.0,20.1,18.8,0.0,0.0,0.0
Sherfy, Jimmie,642073,45.5,0.0,0.0,45.5,5.9,3.1,0.0,0.0
Thompson, Jake,622097,24.3,21.5,0.0,25.7,28.5,0.0,0.0,0.0
Lyons, Tyler,544928,18.4,23.7,0.0,56.5,1.4,0.0,0.0,0.0
Glover, Koda,606983,3.9,35.7,0.0,29.7,21.9,8.8,0.0,0.0
Turnbull, Spencer,605513,19.9,42.6,13.1,0.0,6.4,18.1,0.0,0.0
Sobotka, Chad,656977,64.2,0.0,0.0,35.8,0.0,0.0,0.0,0.0
De Jong, Chase,608328,53.1,0.0,0.0,20.9,21.3,4.7,0.0,0.0
Baez, Sandy,622783,63.3,0.0,0.0,21.5,14.4,0.7,0.0,0.0
Smith, Carson,605476,2.7,47.1,0.0,43.7,6.5,0.0,0.0,0.0
Gonzalez, Miguel,456068,38.1,11.7,0.0,17.1,0.0,12.1,21.0,0.0
Kopech, Michael,656629,62.5,0.0,0.0,16.4,9.8,11.3,0.0,0.0
Law, Derek,571882,51.6,0.0,0.0,29.7,5.5,13.3,0.0,0.0
Newberry, Jake,623470,54.8,0.0,0.0,41.3,4.0,0.0,0.0,0.0
Morris, Akeel,592570,54.4,0.0,0.0,10.7,34.9,0.0,0.0,0.0
Almonte, Yency,622075,62.9,0.0,0.0,34.7,2.4,0.0,0.0,0.0
Ross, Joe,605452,30.4,25.2,0.0,22.8,21.6,0.0,0.0,0.0
Lucas, Josh,572998,24.6,25.8,0.0,49.2,0.0,0.4,0.0,0.0
Stephenson, Robert,596112,36.4,0.0,0.0,41.3,17.0,5.3,0.0,0.0
Oaks, Trevor,656805,2.4,56.1,13.4,24.0,4.1,0.0,0.0,0.0
Bass, Anthony,542914,36.9,31.6,0.0,28.7,0.0,0.0,2.9,0.0
Wendelken, J.B.,605525,60.9,0.0,0.0,0.0,13.6,25.5,0.0,0.0
Barlow, Scott,605130,53.0,0.0,0.0,26.7,5.5,14.8,0.0,0.0
Osich, Josh,592612,48.5,0.0,17.6,7.5,26.4,0.0,0.0,0.0
Norwood, James,656803,67.4,3.5,0.0,13.2,15.9,0.0,0.0,0.0
Houser, Adrian,605288,61.1,5.3,0.0,0.0,14.2,19.5,0.0,0.0
Hale, David,571735,18.1,30.1,0.0,0.9,37.6,13.3,0.0,0.0
Suarez, Ranger,624133,37.3,23.1,0.0,16.9,20.4,2.2,0.0,0.0
Walker, Taijuan,592836,65.2,0.4,8.0,0.0,0.0,8.5,17.9,0.0
Logan, Boone,457429,35.7,19.6,0.0,44.6,0.0,0.0,0.0,0.0
Anderson, Drew,623454,44.3,16.3,0.0,18.6,8.6,12.2,0.0,0.0
Perez, Cionel,672335,63.2,0.0,0.0,30.0,6.8,0.0,0.0,0.0
Phillips, Evan,623465,60.3,3.7,0.0,18.3,17.8,0.0,0.0,0.0
Slegers, Aaron,642083,44.9,23.6,0.0,18.5,13.0,0.0,0.0,0.0
Voth, Austin,608723,63.9,0.0,0.0,0.0,18.1,18.1,0.0,0.0
Walden, Marcus,519393,0.9,44.6,40.8,13.6,0.0,0.0,0.0,0.0
Rzepczynski, Marc,519240,0.0,54.0,0.0,37.1,8.9,0.0,0.0,0.0
Bard, Luke,572703,54.0,1.4,0.0,38.0,6.6,0.0,0.0,0.0
Rogers, Josh,642028,56.1,0.0,0.0,32.5,9.9,1.4,0.0,0.0
Gagnon, Drew,543193,56.2,0.0,0.0,10.5,25.2,8.1,0.0,0.0
Kinley, Tyler,641755,59.0,1.4,0.5,38.6,0.5,0.0,0.0,0.0
Romero, Enny,544836,68.8,0.0,0.0,24.0,0.0,7.2,0.0,0.0
Gregerson, Luke,502381,16.9,47.8,0.0,32.9,2.4,0.0,0.0,0.0
Hancock, Justin,606995,71.7,0.0,0.0,27.8,0.5,0.0,0.0,0.0
Armstrong, Shawn,542888,39.7,0.5,38.2,21.6,0.0,0.0,0.0,0.0
Mella, Keury,622492,70.8,0.0,0.0,18.3,10.9,0.0,0.0,0.0
Lamb, John,543424,40.1,1.5,35.1,0.0,15.3,7.9,0.0,0.0
Delgado, Randall,517414,28.2,25.2,0.0,1.5,35.1,9.9,0.0,0.0
Rosscup, Zac,573127,18.5,31.0,0.0,50.5,0.0,0.0,0.0,0.0
Bergman, Christian,548357,0.0,46.0,0.0,13.0,25.5,15.5,0.0,0.0
Hall, Matt,664180,63.3,0.0,0.0,0.0,1.0,35.7,0.0,0.0
Brewer, Colten,605155,4.6,0.0,64.4,6.2,1.5,23.2,0.0,0.0
Guilmet, Preston,543258,40.2,0.5,0.0,58.2,0.0,0.0,1.0,0.0
Hu, Chih-Wei,629496,42.8,6.2,0.0,18.6,25.3,7.2,0.0,0.0
Wood, Blake,502028,30.6,16.6,0.0,47.7,0.0,0.0,5.2,0.0
Banda, Anthony,607455,78.4,0.0,0.0,0.0,18.9,2.6,0.0,0.0
Rainey, Tanner,663432,70.9,0.0,0.0,20.6,8.5,0.0,0.0,0.0
Goody, Nick,580792,54.8,0.0,0.0,45.2,0.0,0.0,0.0,0.0
Tarpley, Stephen,605501,21.7,37.0,0.0,28.8,3.3,9.2,0.0,0.0
Gallegos, Giovanny,606149,59.3,0.0,0.0,35.7,4.9,0.0,0.0,0.0
Liberatore, Adam,571893,59.7,0.0,0.0,18.8,21.5,0.0,0.0,0.0
Hoffman, Jeff,656546,53.3,0.0,0.0,21.1,13.9,11.7,0.0,0.0
Gomez, Roberto,596816,19.8,39.5,0.0,19.2,9.6,11.9,0.0,0.0
Williams, Austen,657117,53.4,0.0,0.0,41.4,5.2,0.0,0.0,0.0
Crockett, Kyle,641490,69.5,0.0,0.0,20.7,9.8,0.0,0.0,0.0
Guerrieri, Taylor,605260,27.3,47.1,2.3,0.0,9.3,14.0,0.0,0.0
Quackenbush, Kevin,534812,68.6,0.0,0.0,14.5,0.0,16.9,0.0,0.0
Fernandez, Jose Manuel,622774,44.8,0.0,0.0,21.5,0.0,33.7,0.0,0.0
Anderson, Tanner,664196,10.5,49.7,0.0,35.7,4.1,0.0,0.0,0.0
Beede, Tyler,595881,33.1,18.7,0.0,5.4,29.5,13.3,0.0,0.0
Sadzeck, Connor,592712,44.6,14.5,0.0,30.7,0.0,10.2,0.0,0.0
Wilkerson, Aaron,658792,54.8,0.0,0.0,22.9,10.2,12.0,0.0,0.0
Scott, Robby,582494,25.5,29.1,0.0,20.6,13.9,10.9,0.0,0.0
Smoker, Josh,519294,61.2,2.4,0.0,17.6,0.0,0.0,18.8,0.0
Turner, Jacob,545363,1.2,60.5,0.0,20.4,1.2,16.7,0.0,0.0
Shackelford, Kevin,594992,35.2,29.6,0.0,35.2,0.0,0.0,0.0,0.0
Allard, Kolby,663465,62.1,0.0,0.0,0.0,24.2,13.7,0.0,0.0
Festa, Matt,670036,42.1,5.7,0.0,49.7,0.0,2.5,0.0,0.0
Zamora, Daniel,623354,21.5,0.0,0.0,78.5,0.0,0.0,0.0,0.0
Ramirez, Carlos,570702,21.0,32.5,0.0,46.5,0.0,0.0,0.0,0.0
Burr, Ryan,621114,67.5,0.0,7.6,20.4,4.5,0.0,0.0,0.0
Pelham, CD,641962,72.0,5.1,0.0,19.1,2.5,1.3,0.0,0.0
Ramirez, Jose,542432,62.6,0.0,0.0,11.0,26.5,0.0,0.0,0.0
Adams, Chance,664856,66.7,0.0,0.0,14.4,0.0,19.0,0.0,0.0
Marshall, Evan,605359,17.8,37.5,0.0,21.7,23.0,0.0,0.0,0.0
Marinez, Jhan,501697,14.6,43.7,0.0,37.1,4.6,0.0,0.0,0.0
Flexen, Chris,623167,42.4,19.9,0.0,18.5,6.0,13.2,0.0,0.0
Urias, Julio,628711,52.7,8.7,0.0,14.7,15.3,8.7,0.0,0.0
Milner, Hoby,571948,0.0,66.7,0.0,0.0,6.0,27.3,0.0,0.0
Torres, Carlos,448614,48.0,0.0,32.4,0.0,0.0,19.6,0.0,0.0
Infante, Gregory,500872,70.9,0.0,0.0,10.1,2.0,16.9,0.0,0.0
Shafer, Justin,596101,29.5,39.0,0.0,28.8,2.7,0.0,0.0,0.0
Mann, Brandon,448167,0.0,57.9,0.0,26.9,15.2,0.0,0.0,0.0
Maples, Dillon,596027,23.9,0.0,0.0,69.0,0.0,7.0,0.0,0.0
Hauschild, Mike,623434,0.0,51.4,0.0,33.6,15.0,0.0,0.0,0.0
Edwards, Jon,457754,57.6,0.0,0.0,38.1,0.0,4.3,0.0,0.0
O'Grady, Chris,622217,41.6,0.0,45.3,0.0,8.0,5.1,0.0,0.0
Danish, Tyler,641501,8.8,35.3,0.0,3.7,11.0,41.2,0.0,0.0
Wilson, Bryse,669060,71.1,0.0,0.0,17.0,11.9,0.0,0.0,0.0
Conlon, P.J.,664869,17.0,43.7,0.0,11.9,25.9,1.5,0.0,0.0
McRae, Alex,656725,15.7,40.3,0.0,29.9,10.4,3.7,0.0,0.0
Almonte, Miguel,602083,48.5,0.7,0.0,5.2,11.2,34.3,0.0,0.0
Wick, Rowan,592858,68.4,0.0,0.0,21.8,0.0,9.8,0.0,0.0
Barbato, Johnny,592127,49.2,8.3,0.0,22.0,16.7,3.8,0.0,0.0
McGowin, Kyle,641851,0.0,60.0,0.0,29.2,10.8,0.0,0.0,0.0
Frare, Caleb,621350,54.3,0.0,0.0,45.7,0.0,0.0,0.0,0.0
Haley, Justin,595234,56.6,1.6,0.0,23.3,4.7,14.0,0.0,0.0
Wright, Kyle,657140,50.8,0.8,0.0,19.5,6.3,22.7,0.0,0.0
Lopez, Yoan,661255,67.2,0.0,0.0,31.3,1.6,0.0,0.0,0.0
Ramirez, JC,500724,33.6,14.1,0.0,24.2,0.0,28.1,0.0,0.0
Paulino, David,600944,42.2,0.0,0.0,12.5,25.8,19.5,0.0,0.0
Paredes, Edward,487675,22.0,1.6,0.0,71.7,4.7,0.0,0.0,0.0
Barrett, Jake,545332,60.5,0.0,0.0,34.7,0.0,0.0,4.8,0.0
Mazzoni, Cory,543508,57.7,0.0,0.0,39.8,2.4,0.0,0.0,0.0
Bell, Chad,518445,34.1,10.6,21.1,30.1,4.1,0.0,0.0,0.0
Johnson, DJ,597113,50.0,0.0,2.5,0.0,0.0,47.5,0.0,0.0
Baumann, Buddy,571473,51.3,25.6,0.0,23.1,0.0,0.0,0.0,0.0
Venditte, Pat,519381,0.0,39.3,0.0,59.8,0.9,0.0,0.0,0.0
Beliveau, Jeff,542924,70.1,0.0,0.9,0.0,3.4,25.6,0.0,0.0
Hamilton, Ian,641656,68.4,2.6,0.0,24.8,4.3,0.0,0.0,0.0
Farquhar, Danny,543144,56.9,0.0,0.0,0.0,35.3,7.8,0.0,0.0
Curtiss, John,595928,65.5,0.0,0.0,34.5,0.0,0.0,0.0,0.0
Bridwell, Parker,592170,39.1,13.9,9.6,0.0,13.9,23.5,0.0,0.0
Wahl, Bobby,592833,73.2,0.0,12.5,10.7,3.6,0.0,0.0,0.0
Zastryzny, Rob,642239,68.5,0.0,15.3,0.0,0.0,16.2,0.0,0.0
Snelten, D.J.,592769,61.5,0.0,0.0,6.4,32.1,0.0,0.0,0.0
Cortes Jr., Nestor,641482,62.0,0.0,0.0,1.9,9.3,26.9,0.0,0.0
Venditte, Pat,519381,0.0,40.2,0.0,53.3,6.5,0.0,0.0,0.0
Sherriff, Ryan,595411,1.0,71.8,0.0,27.2,0.0,0.0,0.0,0.0
Medlen, Kris,450665,47.5,14.9,0.0,4.0,24.8,8.9,0.0,0.0
Vasquez, Andrew,607755,1.0,32.7,0.0,0.0,2.0,64.4,0.0,0.0